SeriousDlqin2yrs,age,NumberOfTime3059DaysPastDueNotWorse,MonthlyIncome,NumberOfOpenCreditLinesAndLoans,NumberOfTimes90DaysLate,NumberRealEstateLoansOrLines,NumberOfTime6089DaysPastDueNotWorse,NumberOfDependents,RevolvingUtilizationOfUnsecuredLines,DebtRatio
0.0,56,1,3714.0,6,0,0,0,0.0,0.147047386,0.11440107699999999
0.0,35,0,3900.0,8,0,1,0,2.0,0.982232725,0.799282235
0.0,39,0,12660.0,9,0,2,0,2.0,0.13653642,0.267040518
0.0,71,0,3500.0,5,0,0,0,0.0,0.045505408,0.021708083
0.0,59,0,3000.0,5,0,0,0,1.0,0.030994834,0.279240253
0.0,36,0,6250.0,5,0,0,0,2.0,0.331857323,0.09742441199999999
0.0,78,0,3000.0,6,0,0,0,0.0,0.010645886,0.00733089
0.0,52,0,6757.0,8,0,0,0,0.0,0.203162247,0.11275525300000001
0.0,40,0,3734.0,8,0,1,0,1.0,0.0,0.38741633200000003
0.0,57,0,10833.0,9,0,2,0,0.0,0.023634829,0.21515599
0.0,39,0,3000.0,10,0,2,0,4.0,0.180268138,0.342885705
0.0,59,0,10100.0,14,0,3,0,0.0,0.0,0.352836353
0.0,68,0,10500.0,15,0,3,0,1.0,0.0014267000000000001,0.185220455
0.0,77,1,4300.0,11,0,1,0,0.0,0.17601629800000002,0.232271565
0.0,45,0,3092.0,4,0,0,0,2.0,0.12727134199999998,0.03233107
0.0,51,0,9985.0,17,0,4,0,0.0,0.069987616,0.38924494299999995
0.0,54,0,2673.0,8,0,1,0,0.0,0.011597477,0.567314884
0.0,52,0,3500.0,8,0,0,0,0.0,0.713458281,0.343330477
0.0,56,0,3822.0,9,0,1,0,0.0,0.514194019,0.5398901389999999
0.0,49,2,5050.0,9,0,0,1,3.0,0.515429989,0.274005147
0.0,49,0,4647.0,14,0,3,0,0.0,0.015572167,0.341006885
0.0,54,0,3500.0,9,0,0,0,0.0,0.032945929,0.008283348000000001
0.0,67,0,15000.0,8,0,1,0,0.0,0.107475924,0.128124792
0.0,46,0,16666.0,6,0,1,0,2.0,0.049677019,0.38363232700000005
0.0,66,3,6000.0,16,0,1,0,0.0,0.21993432100000002,0.98950175
0.0,73,0,3797.0,13,0,3,0,0.0,0.175136609,0.6079515529999999
0.0,64,0,6442.0,5,0,1,0,0.0,0.0,0.234362874
0.0,45,0,6500.0,4,0,0,0,2.0,0.500577666,0.12936471300000002
0.0,40,0,6500.0,10,0,0,0,0.0,0.7888225759999999,0.42516535899999996
0.0,28,0,5800.0,5,0,0,0,0.0,0.092821216,0.023961386
0.0,47,2,14500.0,10,0,2,1,0.0,0.984595256,0.313702503
0.0,52,0,10000.0,10,0,1,0,0.0,0.24718235,0.10368963099999999
0.0,81,0,2400.0,4,0,0,0,0.0,0.033296397,0.014993753
0.0,67,0,5475.0,11,0,1,0,0.0,0.017908683999999998,0.133308985
0.0,52,0,11564.0,18,0,2,0,1.0,0.402431331,0.237527021
0.0,64,0,5218.0,7,0,1,0,0.0,0.044905825,0.164016095
0.0,38,0,12750.0,9,0,2,0,2.0,0.172173954,0.136459885
0.0,43,0,15550.0,7,0,2,0,2.0,0.0,0.6148157670000001
0.0,37,0,4367.0,8,0,0,0,4.0,0.034300951,0.121794872
0.0,35,0,8500.0,0,3,0,0,1.0,0.9999998999999999,0.028937772
0.0,35,0,1400.0,8,0,2,0,2.0,0.600296687,1.988579586
0.0,60,0,10500.0,8,0,1,0,0.0,0.000446799,0.27206932699999997
0.0,44,0,11064.0,8,0,2,0,3.0,0.061090427,0.340352463
0.0,54,0,14600.0,9,0,2,0,3.0,0.20946317600000003,0.193548387
0.0,53,0,6700.0,10,0,1,0,2.0,0.724271335,0.619310551
0.0,26,0,5000.0,4,0,0,0,0.0,0.037890747999999995,0.075784843
0.0,61,0,1710.0,10,0,0,0,0.0,0.135620821,0.8842781999999999
0.0,48,1,6750.0,6,2,0,1,0.0,0.992909735,0.180565842
0.0,51,0,3200.0,7,0,1,0,0.0,0.382330015,0.6538581689999999
0.0,73,0,16317.0,6,0,2,0,1.0,0.10899564,0.2402868
0.0,26,0,3950.0,7,0,1,0,0.0,0.525134079,0.256390787
0.0,48,0,2542.0,7,0,1,0,0.0,0.0018460829999999999,0.289421943
0.0,58,0,10000.0,8,0,0,0,0.0,0.013129606,0.00229977
0.0,61,2,8000.0,8,0,0,0,0.0,0.647041221,0.10886139199999999
0.0,79,0,8000.0,9,0,1,0,0.0,0.128860445,0.302462192
0.0,46,0,9828.0,13,0,3,0,1.0,0.01378473,0.43564960799999997
0.0,57,0,6764.0,6,0,0,0,0.0,0.0,0.082039911
0.0,49,0,6603.0,12,0,1,0,0.0,0.011762731,0.112204724
0.0,59,1,4000.0,16,0,1,0,0.0,0.42250596100000004,0.336415896
0.0,47,3,5400.0,11,0,0,1,0.0,0.65791776,0.261618219
0.0,48,2,6645.0,8,0,1,1,0.0,0.223436875,0.241799579
0.0,49,0,15150.0,11,0,3,0,0.0,0.542818837,0.302488285
0.0,62,0,6598.0,8,0,1,0,1.0,0.039285312999999995,0.17820882
0.0,30,0,4333.0,8,0,0,0,0.0,0.14860533,0.114905399
0.0,38,0,3390.0,7,0,1,0,3.0,0.005945143000000001,0.35564730200000005
0.0,64,0,3216.0,5,0,0,0,0.0,0.11655536,0.015231581999999999
0.0,49,0,9167.0,5,0,0,0,1.0,0.14217664800000002,0.019633508
0.0,63,0,3000.0,9,0,1,0,1.0,0.344622928,0.24591802699999998
0.0,78,0,3401.0,5,0,0,0,0.0,0.005052018,0.008230453
0.0,33,1,3400.0,6,0,0,0,0.0,0.76222673,0.158482799
0.0,51,2,16333.0,13,0,1,0,3.0,0.511269726,0.29245745100000003
0.0,42,0,2916.0,6,1,0,0,1.0,0.480311703,0.099417209
0.0,50,1,2849.0,8,0,1,0,1.0,0.318523033,0.582105263
0.0,68,0,10300.0,6,0,1,0,1.0,0.8032196779999999,0.1470731
0.0,61,0,14000.0,7,0,1,0,2.0,0.073548215,0.18648668
0.0,50,0,9000.0,16,0,0,0,0.0,0.200540642,0.103766248
0.0,31,0,3205.0,2,0,0,0,0.0,0.012838802,0.179975047
0.0,46,0,2700.0,8,0,1,0,3.0,0.194585448,0.461680859
0.0,74,0,12500.0,10,0,1,0,1.0,0.066897868,0.167666587
0.0,46,2,5500.0,5,0,2,0,2.0,0.190127409,0.188692965
0.0,61,0,4800.0,7,0,1,0,0.0,0.222407393,0.22224536600000003
0.0,61,1,4756.0,17,0,1,1,0.0,0.506668414,0.651040572
0.0,42,0,5500.0,2,6,0,2,1.0,1.213683759,0.20087256899999997
0.0,58,3,2745.0,10,0,1,0,1.0,0.19731700600000002,0.445010925
0.0,37,0,4364.0,11,0,2,0,0.0,0.009507974,0.57021764
0.0,76,0,1666.0,7,0,0,0,0.0,0.050636213,0.031193761
0.0,54,2,5640.0,11,0,2,0,1.0,0.614176728,0.519765999
0.0,64,0,3928.0,15,0,0,0,0.0,0.8827448370000001,0.20972257600000002
0.0,48,1,13500.0,11,0,2,0,1.0,0.436656417,0.382193912
0.0,71,0,3178.0,17,0,1,0,2.0,0.429571872,0.471531928
0.0,80,0,5000.0,19,0,1,0,0.0,0.504743053,1.044591082
0.0,55,0,6866.0,7,0,2,0,1.0,0.013672123000000001,0.243046454
0.0,65,0,6166.0,10,0,2,0,1.0,0.0,0.36468299
0.0,67,0,7608.0,12,0,1,0,0.0,0.434192942,0.43908529399999996
0.0,53,0,5833.0,5,0,0,0,2.0,0.461230797,0.20860473100000002
0.0,74,0,3350.0,13,0,1,0,0.0,0.05686688,0.465831095
0.0,36,0,5769.0,6,0,1,0,1.0,0.0,0.36135182
0.0,54,0,2240.0,6,0,1,0,1.0,0.9999998999999999,0.409192325
0.0,54,0,23782.0,6,0,1,0,3.0,0.9999998999999999,0.080814027
0.0,81,0,15500.0,25,0,2,0,1.0,0.057194838,0.188503967
0.0,67,0,7939.0,8,0,3,0,0.0,0.0,0.489798489
0.0,29,0,2416.0,12,0,2,0,0.0,0.87701755,2.599503517
0.0,36,0,4167.0,11,0,1,0,2.0,0.171529037,0.738963532
0.0,60,0,6667.0,7,0,2,0,0.0,0.9570085979999999,0.376424715
0.0,44,1,6000.0,6,0,2,0,0.0,0.10763079,0.5765705720000001
0.0,56,0,17334.0,10,0,0,0,0.0,0.652682044,0.11629651
0.0,61,0,7550.0,9,0,1,0,0.0,0.057549891,0.26910343
0.0,38,0,3000.0,6,0,0,0,1.0,0.9590971859999999,0.421526158
0.0,34,0,3589.0,1,0,0,0,0.0,0.9999998999999999,0.098607242
0.0,89,0,6000.0,2,0,0,0,0.0,0.9999998999999999,0.0
0.0,36,0,4000.0,3,0,1,0,0.0,0.0,0.19920020000000002
0.0,41,0,9352.0,5,0,1,0,1.0,0.778465905,0.338501016
0.0,49,0,6666.0,12,0,2,0,1.0,0.014181515,0.6898155090000001
0.0,59,0,7384.0,4,0,1,0,0.0,0.236244094,0.359106297
0.0,72,1,6317.0,7,0,1,0,0.0,0.0,0.116650839
0.0,77,0,4500.0,15,0,0,0,0.0,0.053580199,0.031104199
0.0,39,6,7000.0,18,1,1,0,0.0,0.280652517,0.25796314800000003
0.0,30,1,3279.0,2,0,0,2,0.0,0.788359788,0.015243902
0.0,47,0,4660.0,3,0,0,0,0.0,0.219140177,0.19716799
0.0,62,1,7000.0,8,1,1,0,0.0,0.032065598,0.17554635100000002
0.0,50,1,4584.0,11,0,0,0,0.0,0.921260885,0.444274809
0.0,60,0,6278.0,12,0,1,0,0.0,0.969187171,0.5747730529999999
0.0,64,0,11325.0,14,0,1,0,1.0,0.387184862,0.302843016
0.0,34,0,3916.0,7,0,2,0,0.0,0.15364667699999998,1.220066377
0.0,45,0,13000.0,13,0,1,0,3.0,0.067077344,0.242750558
0.0,39,0,14000.0,10,0,1,0,3.0,0.518155203,0.21827012399999998
0.0,54,0,2300.0,8,0,1,0,0.0,0.07044410400000001,0.44589309
0.0,27,0,4507.0,4,0,0,0,0.0,0.09961825099999999,0.079636202
0.0,63,0,3900.0,9,0,1,0,0.0,0.01347333,0.293514483
0.0,48,0,3962.0,2,0,0,0,0.0,0.097931379,0.063588191
0.0,46,0,4250.0,10,0,1,0,0.0,0.762879234,0.617266526
0.0,71,0,6250.0,10,0,1,1,0.0,0.056982859000000004,0.181890897
0.0,56,0,3500.0,10,0,1,0,0.0,0.28195926600000004,1.2205084259999999
0.0,64,0,5400.0,13,0,3,0,0.0,0.0030230229999999997,0.7842992040000001
0.0,42,0,7000.0,5,0,0,0,1.0,0.042534707000000005,0.011141266
0.0,52,0,4333.0,8,0,0,0,0.0,0.081902905,0.024457776
0.0,49,0,3756.0,10,0,1,0,4.0,0.669549826,0.835507054
0.0,51,0,39532.0,12,0,3,0,2.0,0.22169358,0.132724559
0.0,49,0,8000.0,10,1,0,0,0.0,0.027437639,0.05911761
0.0,57,0,10823.0,7,0,1,0,2.0,0.0,0.17812269
0.0,29,1,1474.0,9,0,0,0,0.0,0.285918309,0.442033898
0.0,45,0,6000.0,13,0,2,0,3.0,0.289977282,1.096817197
0.0,41,2,5400.0,2,0,0,0,1.0,0.9999998999999999,0.083688206
0.0,71,0,4304.0,9,0,2,0,0.0,0.112752435,0.432288037
0.0,31,0,9445.0,14,0,2,0,1.0,0.717056589,0.31674783
0.0,67,0,6000.0,3,0,0,0,0.0,0.0,0.01349775
0.0,33,1,3585.0,5,0,0,0,2.0,0.15450683699999998,0.041271612
0.0,45,0,7915.0,10,0,1,0,2.0,0.040024561,0.553562405
0.0,48,0,5783.0,19,0,2,0,1.0,0.579407068,0.774896266
0.0,50,0,13275.0,12,0,2,0,2.0,0.08606286099999999,0.37669478799999995
0.0,38,0,2000.0,8,0,2,0,2.0,0.143242838,1.4502748630000002
0.0,77,0,5000.0,9,0,0,0,0.0,0.0037640029999999997,0.00359928
0.0,28,0,6200.0,2,0,0,0,0.0,0.625863532,0.136429608
0.0,59,0,7203.0,10,0,1,0,0.0,0.0,0.20696835100000002
0.0,51,1,10416.0,9,0,3,0,1.0,0.847046118,0.27819909800000003
0.0,31,0,2500.0,8,0,0,1,0.0,0.732601451,0.343062775
0.0,72,0,2583.0,6,0,0,0,0.0,0.181760586,0.128482972
0.0,51,0,4900.0,6,0,0,0,0.0,0.873312669,0.071822077
0.0,71,0,19000.0,11,0,2,0,0.0,0.268276223,0.723488237
0.0,70,0,8500.0,19,0,4,0,0.0,0.021353518,0.612516175
0.0,50,0,9500.0,8,0,1,0,2.0,0.001161686,0.109041154
0.0,49,0,7000.0,12,0,1,0,0.0,0.045155938,0.179831453
0.0,75,0,4000.0,11,0,0,0,0.0,0.017107429,0.008247938
0.0,41,0,15833.0,9,0,0,0,0.0,0.23905622399999998,0.037451055
0.0,35,0,4200.0,18,0,1,0,4.0,0.00419504,0.413711021
0.0,50,0,7166.0,1,0,0,0,0.0,0.9999998999999999,0.096832705
0.0,26,0,3000.0,4,0,0,0,0.0,0.094639056,0.09830056599999999
0.0,68,0,5000.0,4,0,2,0,0.0,0.065531149,0.46630673899999997
0.0,53,0,5867.0,6,0,1,0,3.0,2.78e-05,0.27845944100000003
0.0,44,0,23533.0,11,0,0,0,0.0,0.5600652389999999,0.118126965
0.0,30,0,9185.0,2,0,0,1,1.0,0.0,0.014043109
0.0,71,1,3500.0,30,0,0,0,0.0,0.191764601,0.242787775
0.0,27,0,3466.0,6,0,0,0,0.0,0.130720909,0.11825786
0.0,73,0,5610.0,6,0,0,0,0.0,0.01895061,0.005703083
0.0,53,0,12596.0,17,0,1,0,0.0,0.31378024,0.435818052
0.0,43,0,4300.0,4,0,1,0,4.0,0.7722562270000001,0.455707975
0.0,51,0,4455.0,4,0,0,0,0.0,0.016866291999999998,0.046903052
0.0,42,0,4011.0,4,0,0,0,3.0,0.038331454,0.0057328019999999995
0.0,65,0,2900.0,13,0,1,0,0.0,0.066048349,0.508790072
0.0,45,0,2000.0,8,0,1,0,0.0,0.176363847,0.394302849
0.0,44,0,3000.0,0,0,0,0,3.0,0.9999998999999999,0.015994668
0.0,43,1,2700.0,8,0,1,1,2.0,0.0013332889999999999,0.411329137
0.0,31,2,2400.0,9,0,0,0,0.0,0.926257753,0.203248646
0.0,61,0,8954.0,3,0,2,0,0.0,0.9999998999999999,0.253266332
0.0,61,0,7596.0,11,0,1,0,0.0,0.283635152,0.261813874
0.0,40,0,3358.0,15,0,9,0,0.0,0.7572289659999999,1.740101221
0.0,55,0,8116.0,9,0,0,0,2.0,0.6335585220000001,0.328323272
0.0,42,0,4663.0,21,0,2,0,1.0,0.08031492900000001,0.433962264
0.0,34,2,3660.0,10,0,0,0,1.0,0.630550175,0.341436766
0.0,54,0,9114.0,15,0,1,0,1.0,0.20926109899999998,0.368294021
0.0,72,0,6000.0,18,0,2,0,0.0,0.069763188,0.481753041
0.0,29,0,1560.0,5,0,0,0,0.0,0.02969703,0.041639973999999996
0.0,60,0,10000.0,12,0,0,0,1.0,0.259124447,0.118088191
0.0,68,0,3200.0,7,0,1,0,0.0,0.259772812,0.391440175
0.0,68,0,18333.0,14,0,3,0,1.0,0.042803241,0.417203011
0.0,54,0,5494.0,12,0,1,0,0.0,0.921748352,0.581437671
0.0,54,0,4113.0,8,0,1,0,3.0,0.410117694,0.48104035
0.0,48,0,13139.0,16,0,4,0,1.0,0.072582643,0.23546423100000002
0.0,49,0,5000.0,15,0,2,0,0.0,0.26917822199999997,0.367726455
0.0,58,0,4410.0,0,0,0,0,0.0,0.9999998999999999,0.007708003000000001
0.0,61,0,3400.0,12,0,1,0,3.0,0.133787935,0.343428403
0.0,44,0,5000.0,6,0,0,0,0.0,0.37037741,0.277144571
0.0,48,0,11250.0,10,0,2,0,2.0,0.16483065,0.45382632700000003
0.0,60,0,3300.0,13,0,2,0,0.0,0.957025592,0.195758861
0.0,72,0,3066.0,10,0,1,0,0.0,0.49928335700000004,0.35637430700000006
0.0,61,0,4166.0,11,0,0,0,0.0,0.0,0.081113511
0.0,52,0,5000.0,5,0,1,0,1.0,0.10044541400000001,0.183563287
0.0,61,0,5800.0,11,0,3,0,1.0,0.021300568,0.850198242
0.0,83,0,2018.0,1,0,0,1,0.0,0.262288737,0.029717682000000002
0.0,25,0,4250.0,5,0,0,0,0.0,0.626197817,0.12138320400000001
0.0,66,0,2000.0,3,0,0,0,0.0,0.016542385,0.007996002
0.0,67,0,4500.0,10,0,3,0,1.0,0.053783202,0.467451677
0.0,45,1,5700.0,10,0,1,1,0.0,0.830927063,0.388528328
0.0,50,0,7516.0,17,0,1,0,2.0,0.321512584,0.554343488
0.0,41,0,7000.0,16,0,1,0,1.0,0.258405608,0.22668190300000002
0.0,49,1,10566.0,7,0,2,0,0.0,0.286814484,0.248414877
0.0,51,0,7300.0,23,0,1,0,1.0,0.422858656,0.424873305
0.0,51,0,3900.0,4,0,0,0,0.0,0.060342215,0.022814663
0.0,52,0,3000.0,6,0,1,0,0.0,0.504366376,0.652115961
0.0,78,0,7916.0,6,0,1,0,0.0,0.0043632540000000004,0.067828723
0.0,56,2,14000.0,15,0,1,1,1.0,0.081020804,0.317548747
0.0,55,0,8800.0,18,0,3,0,2.0,0.18473178399999998,0.836268606
0.0,49,0,1200.0,11,0,0,0,0.0,0.015974541999999998,0.037468776
0.0,67,0,4800.0,9,0,1,0,0.0,0.08625688,0.365132264
0.0,36,0,8102.0,8,0,1,0,1.0,0.13201813199999998,0.091941256
0.0,85,1,4300.0,11,0,0,0,0.0,0.0,0.09579167599999999
0.0,58,0,4523.0,3,0,1,0,0.0,0.276641145,0.291114058
0.0,56,1,7083.0,13,0,2,0,1.0,0.10967967099999999,0.26933935600000003
0.0,78,0,10500.0,13,0,0,0,0.0,0.001234025,0.000476145
0.0,67,0,17800.0,10,0,1,0,1.0,0.024780012999999997,0.113252064
0.0,61,0,19000.0,4,0,1,0,1.0,0.055220995,0.920530498
0.0,73,0,8939.0,7,0,1,0,0.0,0.114264882,0.41800894899999996
0.0,41,0,6179.0,12,0,2,0,0.0,0.264210583,0.502265372
0.0,62,0,15500.0,6,0,2,0,1.0,0.029239415,0.18411715399999998
0.0,56,0,6250.0,11,0,1,0,2.0,0.661934491,0.411614142
0.0,36,0,5000.0,8,0,1,0,1.0,0.148118836,0.342131574
0.0,48,0,3750.0,4,0,0,0,0.0,0.684664772,0.051719540999999994
0.0,67,0,2500.0,7,0,0,0,0.0,0.06058819,0.027988804
0.0,63,0,4000.0,5,0,0,0,2.0,0.16968303199999998,0.012496876
0.0,60,1,7233.0,14,0,1,0,1.0,0.6903462359999999,0.35982858700000003
0.0,57,0,4800.0,6,0,1,0,0.0,0.188878236,0.194126224
0.0,57,4,3666.0,10,1,2,0,0.0,0.567175233,0.7540223620000001
0.0,49,0,21000.0,9,0,2,0,2.0,0.0,0.372744155
0.0,60,0,5268.0,6,0,1,0,0.0,0.41277174299999997,0.43537673200000004
0.0,49,0,7916.0,7,0,1,0,1.0,0.9999998999999999,0.481748137
0.0,56,0,9206.0,16,0,1,0,0.0,0.0,0.272944499
0.0,56,0,4000.0,3,0,1,0,0.0,0.144785634,0.419395151
0.0,46,0,11504.0,6,0,2,0,1.0,0.370587415,0.230682312
0.0,39,0,3650.0,10,0,2,0,0.0,0.028332389,0.711038072
0.0,47,1,6047.0,13,0,1,0,3.0,0.16810540699999998,0.676256614
0.0,42,0,3279.0,7,0,0,0,0.0,0.033368373,0.155487805
0.0,63,0,11600.0,11,0,1,0,1.0,0.11924701900000001,0.169899147
0.0,72,0,4300.0,6,0,0,0,0.0,0.257345074,0.241106719
0.0,48,1,1900.0,7,0,0,0,3.0,0.530933333,0.296685955
0.0,87,0,2056.0,7,0,0,0,0.0,0.011075825,0.007778318
0.0,67,0,3833.0,5,0,0,0,0.0,0.026069464,0.017214397
0.0,54,0,7262.0,18,0,3,0,1.0,0.03465099,0.8796640509999999
0.0,44,0,4800.0,11,0,2,0,0.0,0.0,0.51697563
0.0,74,0,3885.0,7,0,1,0,0.0,0.025549434,0.15748842
0.0,49,0,4833.0,14,0,1,0,0.0,0.245210659,0.371121225
0.0,47,0,8750.0,8,0,2,0,3.0,0.066188555,0.159067535
0.0,57,3,4595.0,12,0,1,0,0.0,0.11348841,0.27828546600000004
0.0,36,0,6200.0,4,0,1,0,0.0,0.040393674,0.193033382
0.0,90,1,3000.0,8,0,0,0,0.0,0.205574913,0.130956348
0.0,51,0,4300.0,8,0,1,0,1.0,0.07820455400000001,0.569634969
0.0,37,0,5061.0,4,0,0,1,0.0,0.9999998999999999,0.271236665
0.0,70,0,5500.0,5,0,1,0,0.0,0.008302779,0.20269042
0.0,43,0,5112.0,11,0,1,0,0.0,0.220765533,0.478779581
0.0,79,0,4000.0,8,0,0,0,0.0,0.206953429,0.206698325
0.0,65,0,7000.0,6,0,1,0,0.0,0.039485419,0.23310955600000002
0.0,51,3,6577.0,6,0,1,0,1.0,0.0,0.24627546399999997
0.0,45,0,8566.0,10,0,2,0,2.0,0.483826566,0.36325434799999995
0.0,41,0,9298.0,10,0,2,0,1.0,0.209377745,0.381008711
0.0,33,0,10000.0,15,0,2,0,0.0,0.45092090100000004,0.394960504
0.0,56,0,9000.0,7,0,1,0,0.0,0.11211435,0.249194534
0.0,62,0,7461.0,15,1,0,0,0.0,0.030157912999999998,0.10975609800000001
0.0,50,0,7800.0,4,0,2,0,2.0,0.24008799600000003,0.47750288399999996
0.0,54,0,8170.0,6,0,1,0,2.0,0.045045045,0.257740791
0.0,78,0,5000.0,6,0,1,0,0.0,0.048801493,0.229554089
0.0,58,0,5416.0,9,0,2,0,1.0,0.069607595,0.558427174
0.0,62,0,12378.0,9,0,1,0,0.0,0.272118617,0.229501575
0.0,52,0,2500.0,3,0,1,0,1.0,0.0,0.22750899600000002
0.0,51,0,7333.0,16,0,2,0,0.0,0.158971961,0.730024543
0.0,58,0,5991.0,24,0,2,0,0.0,0.0018044920000000002,0.303571429
0.0,66,0,1400.0,7,0,0,0,0.0,0.003344153,0.234832263
0.0,77,0,11000.0,7,0,1,0,1.0,0.032750617,0.202617944
0.0,62,0,8250.0,8,0,1,0,2.0,0.14334355699999998,0.204338868
0.0,68,0,3333.0,13,0,2,0,0.0,0.214185601,0.42021595700000003
0.0,34,0,3500.0,4,0,0,0,0.0,0.001650325,0.0
0.0,71,0,4000.0,10,0,0,0,0.0,0.017999581,0.005498625
0.0,30,0,2400.0,5,0,0,0,0.0,0.251497006,0.211995002
0.0,31,0,5833.0,7,0,1,0,0.0,0.292064358,0.281282139
0.0,51,0,3866.0,1,0,0,0,3.0,0.9999998999999999,0.15283165199999998
0.0,35,0,8700.0,4,0,2,0,0.0,0.9999998999999999,0.259510401
0.0,48,0,3761.0,4,0,0,0,1.0,0.0,0.259968102
0.0,44,1,9436.0,12,0,0,0,4.0,0.577035843,0.128218714
0.0,48,0,5450.0,16,0,2,0,1.0,0.078785118,0.33938726799999996
0.0,82,0,3500.0,3,0,0,0,0.0,0.05852674099999999,0.107683519
0.0,55,1,5833.0,4,0,0,1,0.0,0.810021588,0.13541309599999998
0.0,33,0,4591.0,4,0,1,0,3.0,0.469506099,0.306620209
0.0,69,0,12000.0,3,0,0,0,1.0,0.038149046,0.004749604
0.0,60,0,6640.0,3,0,1,0,0.0,0.016570836999999998,0.246800181
0.0,69,0,8354.0,3,0,0,0,0.0,0.100372953,0.006582885
0.0,41,0,7000.0,8,0,2,0,3.0,0.133290065,0.500928439
0.0,79,1,1713.0,9,0,2,0,0.0,0.17534778399999998,0.330221704
0.0,63,0,8334.0,12,0,2,0,0.0,0.20966509,1.692261548
0.0,61,0,2781.0,3,0,0,0,0.0,0.012430574,0.043134436
0.0,60,0,7065.0,4,0,2,0,1.0,0.0,0.160769884
0.0,43,0,11000.0,7,0,2,0,0.0,0.241076757,0.257794746
0.0,65,0,10500.0,14,0,1,0,0.0,0.065513927,0.064184363
0.0,46,0,10400.0,4,0,0,0,2.0,0.093290925,0.023170849
0.0,36,0,3308.0,6,0,0,0,1.0,0.251080575,0.16983983100000002
0.0,62,0,6000.0,6,0,2,0,0.0,0.0,0.497583736
0.0,64,0,3675.0,13,0,0,0,1.0,0.47526977,0.37078346
0.0,54,0,2210.0,3,0,0,0,0.0,0.9999998999999999,0.18272275
0.0,45,0,16667.0,7,0,1,0,4.0,0.054779597,0.173026158
0.0,72,0,5076.0,3,0,1,0,0.0,0.023189372000000003,0.278313965
0.0,68,0,3178.0,13,0,1,0,0.0,0.00867811,0.311104121
0.0,47,0,8335.0,4,0,1,0,0.0,0.09555612599999999,0.25299904
0.0,67,0,7133.0,7,0,3,0,0.0,1.0,0.464115503
0.0,49,0,10800.0,12,0,1,0,1.0,0.823424205,0.30645310600000003
0.0,52,0,6000.0,10,0,1,0,0.0,0.020098995,0.319613398
0.0,30,0,1800.0,6,0,1,0,0.0,0.154745208,0.90283176
0.0,39,1,4100.0,13,0,1,0,0.0,0.056150967,0.233601561
0.0,57,0,6166.0,3,0,0,0,1.0,0.01379908,0.00097292
0.0,52,0,15833.0,13,0,3,0,2.0,0.001679481,0.326449413
0.0,46,1,6100.0,14,0,1,0,1.0,0.059809229000000005,0.305359777
0.0,51,0,13200.0,12,0,1,0,2.0,0.245380247,0.151579426
0.0,44,0,7520.0,10,0,2,0,2.0,0.11758878699999999,0.24797234399999998
0.0,39,0,2500.0,4,0,0,0,0.0,0.9999998999999999,0.241103559
0.0,43,0,8600.0,9,0,2,0,1.0,0.263867251,0.376932915
0.0,73,0,5000.0,2,0,0,0,2.0,0.9999998999999999,0.153169366
0.0,59,0,6500.0,17,0,2,0,1.0,0.013275886,0.126903553
0.0,48,0,5921.0,13,0,2,0,3.0,0.092883729,0.42705167200000005
0.0,41,0,13700.0,14,0,2,0,1.0,0.487349163,0.27735201800000003
0.0,26,0,2500.0,3,0,2,0,0.0,0.010089985,1.4310275890000002
0.0,50,0,7400.0,14,0,2,0,1.0,0.291030882,0.312795568
0.0,35,2,2639.0,10,0,2,0,2.0,0.241012056,1.257575758
0.0,84,0,3500.0,3,0,1,0,0.0,0.029931338,0.202513568
0.0,61,0,5600.0,9,0,2,0,0.0,0.052104432,0.433851098
0.0,42,0,4400.0,7,0,1,0,0.0,0.675743795,0.327880027
0.0,41,0,9166.0,7,0,1,0,2.0,0.015571336000000002,0.14344932900000001
0.0,50,0,4416.0,12,0,4,0,2.0,0.224123262,0.8587276429999999
0.0,68,0,4300.0,15,0,2,0,0.0,0.232633891,0.531039293
0.0,53,1,10200.0,8,0,1,0,1.0,0.33660581799999995,0.175374963
0.0,61,0,8500.0,6,0,1,0,1.0,0.5604349820000001,0.194565345
0.0,58,0,9534.0,17,0,3,0,1.0,0.08344251400000001,0.336864185
0.0,79,0,6000.0,4,0,0,0,0.0,0.106879209,0.018163639
0.0,52,0,8050.0,7,0,1,0,2.0,0.235708251,0.289529251
0.0,72,0,17916.0,6,0,0,0,0.0,0.047358106,0.001953452
0.0,60,0,2527.0,9,0,1,0,0.0,0.723230763,0.859968354
0.0,39,0,7500.0,8,0,0,0,0.0,0.228650243,0.39141447799999995
0.0,39,1,2500.0,8,0,1,0,0.0,0.083983402,0.930827669
0.0,53,2,4500.0,9,2,1,1,0.0,0.10142604,0.461230838
0.0,62,0,8850.0,1,0,0,0,2.0,0.054378667,0.006665913000000001
0.0,45,0,6089.0,5,0,0,0,0.0,0.081478464,0.06600985200000001
0.0,38,0,3200.0,5,0,1,0,2.0,0.838949033,0.300843486
0.0,47,0,8014.0,13,0,2,0,0.0,0.45606057,0.37916406700000005
0.0,57,0,8286.0,15,0,1,0,1.0,0.44811411100000004,0.325932183
0.0,47,0,9094.0,10,0,2,0,0.0,0.249873497,0.340186916
0.0,40,0,9166.0,6,0,2,0,3.0,0.98763223,0.467873895
0.0,55,1,8300.0,7,0,1,0,1.0,0.036375383,0.321286592
0.0,51,0,7276.0,6,0,0,0,1.0,0.0,0.051532225
0.0,35,0,6844.0,5,0,0,0,2.0,1.694922031,0.018553688999999998
0.0,64,0,1666.0,6,0,0,0,0.0,0.116570886,0.118176365
0.0,37,0,5237.0,18,0,3,0,2.0,0.895921003,0.9268804890000001
0.0,62,0,10000.0,10,0,4,0,0.0,0.101853045,0.349265073
0.0,41,0,2478.0,3,1,0,0,2.0,0.97010299,0.281968536
0.0,43,0,26500.0,4,0,1,0,3.0,0.070353992,0.231085619
0.0,43,0,12900.0,12,0,1,0,3.0,0.019433433,0.172389737
0.0,45,0,4956.0,12,0,1,0,1.0,0.608497589,0.492636675
0.0,27,0,7400.0,16,0,0,0,0.0,0.132341446,0.063640049
0.0,71,0,3500.0,13,0,0,0,0.0,0.021371884,0.069980006
0.0,54,0,3166.0,14,0,2,0,1.0,0.416761005,0.147900221
0.0,46,0,5700.0,6,0,0,0,1.0,0.0,0.0
0.0,77,0,4244.0,11,0,1,0,0.0,0.6322591120000001,0.47420494700000004
0.0,60,0,7010.0,28,0,1,0,0.0,0.031932277,0.21837113100000002
0.0,43,2,4500.0,8,0,0,0,0.0,0.348403685,0.261053099
0.0,37,0,5291.0,3,0,0,0,0.0,0.022239555,0.0062358280000000006
0.0,40,0,4800.0,4,0,2,0,0.0,0.9999998999999999,0.776921475
0.0,27,0,2200.0,1,0,0,0,1.0,0.564870259,0.0036347109999999997
0.0,66,0,8013.0,12,0,3,0,0.0,0.040555398,0.316571001
0.0,53,0,12000.0,12,0,5,0,1.0,0.130386961,0.565036247
0.0,57,0,5000.0,3,0,0,0,0.0,0.0,0.0
0.0,72,1,6666.0,9,0,3,0,0.0,0.851850364,0.624418779
0.0,34,0,4833.0,5,0,0,0,2.0,0.212757449,0.10674389699999999
0.0,32,1,8000.0,9,0,0,0,2.0,0.54605601,0.285089364
0.0,49,0,1800.0,3,0,0,0,0.0,0.009776691,0.105496946
0.0,77,0,5000.0,15,0,0,0,0.0,0.00043103099999999996,0.00759848
0.0,55,0,4100.0,2,0,1,0,0.0,0.0,0.27383565
0.0,33,0,7691.0,12,0,2,0,3.0,0.120014285,0.331643266
0.0,27,1,3000.0,6,0,0,0,0.0,0.01429857,0.26691103
0.0,46,0,11425.0,6,0,1,0,1.0,0.057730591,0.207684229
0.0,35,0,2500.0,3,0,0,0,0.0,0.787442511,0.33866453399999996
0.0,42,0,5500.0,21,0,1,0,1.0,0.37315428100000003,0.540992547
0.0,66,0,5146.0,5,0,2,0,0.0,0.9999998999999999,0.462405285
0.0,71,0,2047.0,12,0,1,0,0.0,0.419980639,0.46875
0.0,45,0,5200.0,7,0,0,0,0.0,0.26628720899999997,0.025956547000000003
0.0,52,0,1733.0,4,0,0,0,0.0,0.06209872599999999,0.261245675
0.0,28,0,4000.0,3,0,1,0,2.0,0.20063098199999999,0.503374156
0.0,46,0,10250.0,24,0,2,0,1.0,0.087201364,0.374890255
0.0,36,0,7200.0,9,0,1,0,2.0,0.204478806,0.307596167
0.0,25,0,2000.0,2,0,0,0,0.0,0.9999998999999999,0.145427286
0.0,31,0,3400.0,7,0,0,0,1.0,0.054699745999999994,0.134078212
0.0,64,0,12800.0,12,0,2,0,0.0,0.117152044,0.318490743
0.0,40,0,7498.0,10,0,1,0,0.0,0.695890745,0.301506868
0.0,55,0,5275.0,15,0,3,0,2.0,0.209866866,0.658263836
0.0,43,0,20000.0,22,0,2,0,2.0,0.767386426,0.331383431
0.0,75,0,10500.0,8,0,3,0,0.0,0.008618025,0.24492905399999998
0.0,49,2,5500.0,6,6,0,0,0.0,0.014604811,0.04253772
0.0,59,0,6367.0,8,0,0,0,1.0,0.023058267,0.20037688399999998
0.0,45,0,4833.0,10,0,1,0,2.0,0.102465487,0.533719487
0.0,26,0,1530.0,9,0,0,0,0.0,0.028848558,0.011103854
0.0,67,0,6700.0,9,0,0,0,1.0,0.433862645,0.129234443
0.0,63,0,8000.0,11,0,2,0,1.0,0.007681469000000001,0.452568429
0.0,83,0,7800.0,11,0,1,0,0.0,0.127406642,0.24176387600000002
0.0,51,0,4000.0,5,0,1,0,3.0,0.01418632,0.139965009
0.0,52,0,8570.0,26,0,1,0,1.0,0.07074434,0.503091821
0.0,77,0,5999.0,5,0,0,0,0.0,0.026677245,0.008
0.0,47,0,8000.0,14,0,2,0,3.0,0.029002305,0.50743657
0.0,40,1,2215.0,7,0,1,0,0.0,0.588638789,0.82400722
0.0,53,0,5741.0,8,0,1,0,1.0,0.406755979,0.310344828
0.0,65,0,8500.0,10,0,2,0,2.0,0.775293873,0.5971062229999999
0.0,59,0,10000.0,16,0,2,0,1.0,0.303260465,0.333566643
0.0,56,0,5570.0,4,0,0,0,0.0,0.155605549,0.140369772
0.0,56,0,2997.0,17,0,2,0,2.0,0.144062952,0.68712475
0.0,43,0,8084.0,3,0,1,0,3.0,0.9999998999999999,0.177489177
0.0,46,0,5500.0,3,0,0,0,1.0,0.9999998999999999,0.043083076
0.0,88,0,3413.0,1,0,0,0,0.0,0.024099197000000003,0.006151141999999999
0.0,39,0,8326.0,11,0,0,0,3.0,0.23283364899999998,0.250990753
0.0,70,1,2756.0,6,5,0,0,0.0,0.34200345200000004,0.489299964
0.0,49,0,3000.0,11,0,1,0,0.0,0.007702633,0.43752082600000003
0.0,55,0,6828.0,5,0,2,0,0.0,0.042229685999999995,0.19812564100000002
0.0,85,0,5200.0,3,0,0,0,0.0,0.052949084,0.009228994
0.0,71,0,9167.0,4,0,2,0,0.0,0.9999998999999999,0.46945898799999997
0.0,65,0,5366.0,3,0,0,0,1.0,0.012150211000000001,0.00242221
0.0,45,0,8744.0,16,0,1,0,0.0,0.7253671079999999,0.609262436
0.0,50,0,9000.0,8,0,0,1,1.0,0.35179888600000003,0.147428064
0.0,55,0,2855.0,13,0,2,0,0.0,0.256707778,0.9292717090000001
0.0,37,0,4400.0,4,1,0,2,2.0,1.641196013,0.119063849
0.0,31,0,2882.0,10,0,0,0,1.0,0.626209978,0.253208463
0.0,53,1,5100.0,12,0,1,0,2.0,0.11817166400000001,0.525975299
0.0,69,0,11050.0,15,0,2,0,0.0,0.423841852,0.47968509600000003
0.0,31,0,2600.0,5,0,0,0,0.0,0.070815198,0.058054594
0.0,47,0,8700.0,10,0,3,0,1.0,0.780851506,0.7535915409999999
0.0,73,0,8587.0,10,0,2,0,0.0,0.560435989,0.63553796
0.0,46,0,2400.0,13,0,2,0,1.0,0.25590629600000003,0.9179508540000001
0.0,47,0,9500.0,10,0,2,0,2.0,0.09447095300000001,0.345226818
0.0,53,0,9041.0,5,0,1,0,2.0,0.824745017,0.23556735199999998
0.0,31,0,8000.0,6,0,0,0,0.0,0.119336311,0.090988626
0.0,62,0,4185.0,18,0,1,0,0.0,0.10910359,0.51242236
0.0,59,0,3100.0,9,0,0,2,0.0,0.539908529,0.58400516
0.0,54,0,3000.0,9,0,1,0,1.0,0.023085036,0.49516827700000005
0.0,32,0,3338.0,14,0,0,0,0.0,0.639063773,0.284216831
0.0,56,0,4967.0,14,0,1,0,0.0,0.0,0.349235105
0.0,74,0,4067.0,6,0,0,0,0.0,0.014586247,0.007620452
0.0,72,0,2374.0,4,0,0,0,0.0,0.41588223799999996,0.194526316
0.0,68,1,8346.0,4,0,1,0,0.0,0.999945566,0.277824368
0.0,32,0,3000.0,7,0,0,0,0.0,0.08345511900000001,0.284571809
0.0,68,0,3000.0,9,0,0,0,0.0,0.106453899,0.043318894000000004
0.0,46,2,6800.0,17,0,2,0,1.0,0.297349228,0.398176739
0.0,57,0,3750.0,5,0,1,0,2.0,0.15129495699999998,0.487070115
0.0,46,0,13500.0,13,0,2,0,1.0,0.00201,0.23131619899999997
0.0,51,0,8000.0,11,0,2,0,2.0,0.233754608,0.306336708
0.0,60,0,10716.0,4,0,1,0,0.0,0.11054848699999999,0.19856303100000003
0.0,46,0,2302.0,6,0,2,0,2.0,0.040326547000000004,1.090316978
0.0,45,0,6541.0,14,0,3,0,0.0,0.262035494,1.162335677
0.0,60,0,4566.0,7,0,1,0,0.0,0.01003273,0.41318152
0.0,71,0,6450.0,6,0,1,0,0.0,0.056826947999999995,0.25840954899999996
0.0,26,0,31250.0,18,0,0,0,0.0,0.001254838,0.014527535
0.0,32,0,3466.0,8,0,1,0,0.0,0.458882512,0.6807037779999999
0.0,48,1,4226.0,4,0,1,0,0.0,0.5618978370000001,0.446415898
0.0,45,0,21666.0,14,0,2,0,5.0,0.37922483100000004,0.24424239600000003
0.0,32,1,6800.0,9,0,1,0,1.0,0.68333046,0.30745478600000004
0.0,56,1,20000.0,11,0,4,0,0.0,0.10521156,0.362881856
0.0,77,0,5000.0,14,0,0,0,0.0,0.014515248,0.013997201
0.0,64,0,4700.0,16,0,2,0,0.0,0.052595968,0.534354393
0.0,27,0,2444.0,5,0,0,0,0.0,0.773203153,0.12842535800000002
0.0,38,1,3606.0,6,3,0,1,1.0,0.7389460929999999,0.098696978
0.0,48,1,3900.0,0,1,0,1,2.0,0.9999998999999999,0.003845168
0.0,45,0,1700.0,10,0,1,0,1.0,0.031410468,0.8195179309999999
0.0,66,0,6000.0,3,0,0,0,0.0,0.002288418,0.000499917
0.0,46,0,6725.0,9,0,2,0,0.0,0.021834507000000003,0.35429675899999996
0.0,38,0,10785.0,4,0,1,0,1.0,0.042791095999999994,0.21611348
0.0,56,0,3953.0,4,0,0,0,1.0,0.121798321,0.27364694
0.0,38,1,2600.0,11,0,1,0,5.0,0.35155468799999995,1.250288351
0.0,37,0,3666.0,11,0,0,0,1.0,0.454674087,0.133624216
0.0,49,0,7288.0,11,0,2,0,1.0,0.289912474,0.335574153
0.0,47,0,11583.0,9,0,1,0,3.0,0.08842498900000001,0.314485497
0.0,65,0,10791.0,7,0,0,0,1.0,0.019944223,0.032338768999999996
0.0,92,0,20000.0,2,0,0,0,0.0,0.183373647,0.016899155
0.0,81,0,4300.0,4,0,0,0,0.0,0.019490255,0.045338292999999995
0.0,36,0,4879.0,7,0,0,0,2.0,0.181553751,0.266393443
0.0,72,0,3000.0,4,0,1,0,0.0,0.354881706,0.298233922
0.0,49,1,7533.0,6,0,2,0,0.0,0.598322383,0.406291479
0.0,51,0,10000.0,11,0,1,0,0.0,0.29451451100000003,0.14748525099999998
0.0,35,1,5833.0,4,0,0,0,2.0,0.24425366899999998,0.088789853
0.0,65,0,2858.0,17,0,1,0,0.0,0.158678326,0.463798531
0.0,43,0,4000.0,4,0,1,0,0.0,0.10235433099999999,0.364658835
0.0,51,0,5737.0,23,0,1,0,0.0,0.433390166,0.428720809
1.0,34,2,3000.0,9,0,0,0,0.0,0.7853602909999999,0.617794069
1.0,48,2,8750.0,9,1,3,0,2.0,0.487358949,0.49331505
1.0,29,1,1648.0,7,0,0,0,1.0,1.098901099,0.614311704
1.0,56,0,1100.0,2,2,0,1,3.0,0.8375812090000001,0.057220707999999995
1.0,59,0,2900.0,3,0,1,1,1.0,1.037481259,0.345742847
1.0,33,0,3350.0,6,1,1,0,2.0,0.855381539,0.489704566
1.0,49,0,5284.0,5,1,1,0,2.0,0.9020139979999999,0.5256386
1.0,60,1,12500.0,8,0,2,0,0.0,0.014523118,0.23838093
1.0,44,0,16000.0,30,0,4,0,1.0,0.6246144060000001,0.689144428
1.0,47,0,9342.0,6,0,0,0,2.0,0.832933653,0.195012309
1.0,47,1,11205.0,11,2,3,0,0.0,0.11884529099999999,0.263787257
1.0,45,1,5200.0,3,0,0,0,4.0,0.975062344,0.143433955
1.0,39,0,3500.0,11,0,2,0,2.0,1.035152827,0.9711511
1.0,36,2,5691.0,7,0,2,0,2.0,0.815488093,0.632642305
1.0,40,0,6802.0,8,0,0,1,5.0,0.595641733,0.072909011
1.0,47,1,8450.0,10,0,2,0,0.0,0.678424978,0.620163294
1.0,37,1,2500.0,2,4,0,0,1.0,0.9999998999999999,0.136345462
1.0,32,0,1750.0,5,0,1,2,1.0,0.9651724709999999,0.764705882
1.0,46,3,7300.0,8,1,0,1,1.0,0.96850178,0.04287084
1.0,54,1,3026.0,8,0,0,1,1.0,0.5070719029999999,0.268913115
1.0,47,0,5000.0,14,0,2,0,0.0,0.16980010399999998,0.615676865
1.0,44,0,10184.0,0,0,0,0,2.0,0.9999998999999999,0.007756505
1.0,26,2,2032.0,6,0,0,1,0.0,1.249405045,0.215937039
1.0,23,0,8500.0,12,0,0,0,0.0,0.8492714579999999,0.077990825
1.0,48,4,8830.0,16,3,1,2,1.0,0.016627345,0.5292718829999999
1.0,36,0,6188.0,11,0,2,1,2.0,0.511912485,0.690903215
1.0,27,0,8000.0,6,0,0,1,0.0,0.117239155,0.025371829
1.0,49,1,7083.0,11,1,1,1,0.0,0.851423083,0.419678148
1.0,56,0,2357.0,6,1,1,0,0.0,0.100419958,0.766327396
1.0,56,0,8491.0,18,0,0,0,0.0,0.035042113,0.09597268
1.0,41,0,7570.0,7,0,2,1,0.0,0.11540755,0.321886144
1.0,50,0,5417.0,15,0,5,0,0.0,0.877078578,1.326504245
1.0,38,4,11666.0,9,0,2,2,3.0,1.079904433,0.374303591
1.0,63,4,4683.0,10,0,1,1,3.0,1.013986708,0.46434671200000005
1.0,57,4,3333.0,6,0,1,2,1.0,0.899337927,0.332033593
1.0,40,1,6000.0,9,0,1,0,0.0,0.316947175,0.21196467300000002
1.0,39,1,3083.0,22,0,2,0,0.0,0.109538131,0.334954604
1.0,55,0,12833.0,9,0,2,0,0.0,0.7186573820000001,0.705937354
1.0,43,0,3750.0,8,0,1,0,0.0,0.9999998999999999,0.779792055
1.0,49,1,3683.0,5,0,1,0,0.0,0.10055493900000001,0.376221498
1.0,85,0,3566.0,3,0,0,1,0.0,0.139643044,0.020185029
1.0,39,2,9325.0,18,0,3,0,2.0,0.288878763,0.48337979799999997
1.0,65,0,1889.0,6,0,1,0,0.0,0.064123591,0.446031746
1.0,58,0,7906.0,15,0,2,0,0.0,0.46391317,0.7268243329999999
1.0,54,0,14166.0,21,0,6,0,3.0,0.702381432,0.866732547
1.0,31,1,2000.0,2,4,0,1,1.0,0.952123742,0.192903548
1.0,59,0,5062.0,6,0,1,0,0.0,0.75443713,0.27809599100000004
1.0,44,0,7500.0,20,0,4,0,5.0,0.6911913120000001,0.72510332
1.0,49,1,12000.0,12,0,1,0,5.0,0.991144122,0.455295392
1.0,30,0,4583.0,3,0,0,0,5.0,1.015074604,0.136561955
1.0,33,3,4300.0,3,1,0,0,0.0,0.495252374,0.132759823
1.0,53,1,3683.0,9,1,1,0,0.0,0.631376211,0.86970684
1.0,46,0,5000.0,8,0,0,0,0.0,0.34706665,0.25394921
1.0,43,0,3958.0,1,9,0,0,1.0,1.320453031,0.19701944899999999
1.0,32,3,6000.0,11,1,1,0,4.0,0.920696812,0.549408432
1.0,56,0,1685.0,2,0,0,0,0.0,0.9999998999999999,0.15480427
1.0,32,0,1372.0,2,2,0,1,0.0,0.9999998999999999,0.083029862
1.0,55,0,6560.0,21,0,2,0,1.0,0.7999137609999999,0.685566225
1.0,28,0,1842.0,6,0,0,2,2.0,1.063670412,0.19587628899999998
1.0,44,1,5100.0,7,0,0,0,4.0,0.96424589,0.322289747
1.0,38,1,8500.0,7,1,4,0,0.0,0.04169583,0.471473944
1.0,44,1,5197.0,8,0,2,2,3.0,0.145073324,0.685263563
1.0,46,0,6100.0,18,0,2,0,1.0,0.037910913,0.458285527
1.0,62,0,250000.0,15,0,2,0,0.0,0.375782832,0.022711909
1.0,32,1,1200.0,3,0,0,0,1.0,0.9999998999999999,0.532056619
1.0,53,0,16000.0,12,0,2,0,2.0,0.186440678,0.402287357
1.0,48,0,5899.0,27,0,0,0,1.0,0.390361534,0.243559322
1.0,52,0,2800.0,10,0,0,0,0.0,0.880440256,0.8114958940000001
1.0,41,1,5500.0,1,0,0,2,0.0,0.9999998999999999,0.0
1.0,50,4,4400.0,26,1,3,2,0.0,0.48299672,1.346057714
1.0,45,0,7342.0,4,2,0,0,5.0,0.25036339,0.110990059
1.0,80,0,4200.0,11,1,4,1,0.0,0.148359141,0.6824565579999999
1.0,36,1,2666.0,8,0,0,0,1.0,0.206511046,0.294713161
1.0,37,2,8200.0,4,0,1,0,2.0,0.9999998999999999,0.186684551
1.0,50,2,5752.0,13,1,2,6,0.0,0.904789851,1.422040674
1.0,40,0,6000.0,6,0,0,0,3.0,0.553449836,0.242292951
1.0,65,0,7262.0,7,1,1,0,0.0,0.804398534,0.292165772
1.0,29,1,2500.0,9,0,0,0,0.0,0.336539195,0.364254298
1.0,44,0,4500.0,0,2,0,0,0.0,0.9999998999999999,0.00933126
1.0,74,0,3097.0,12,0,3,0,0.0,0.38526044200000004,1.947708199
1.0,55,5,6250.0,10,0,0,1,1.0,0.882109687,0.64693649
1.0,66,0,12249.0,14,0,2,0,2.0,0.574249405,0.268244898
1.0,45,2,4830.0,5,0,0,0,3.0,0.99090294,0.26847443600000004
1.0,50,0,3500.0,5,0,1,0,4.0,1.025794841,0.409025993
1.0,38,2,5200.0,10,0,1,0,0.0,0.097180092,0.183618535
1.0,51,1,3016.0,6,1,0,3,1.0,0.885257895,0.512429566
1.0,73,0,9500.0,12,0,1,0,1.0,0.921014296,0.437111883
1.0,32,0,6300.0,5,0,0,0,5.0,0.218927024,0.133629583
1.0,52,0,4700.0,2,3,0,0,1.0,0.9999998999999999,0.040416932999999995
1.0,64,2,5416.0,6,0,2,1,0.0,0.703338392,1.2503230570000001
1.0,29,0,3658.0,7,5,0,0,0.0,0.9999998999999999,0.182563542
1.0,49,1,3333.0,5,0,1,0,2.0,0.842572062,0.646370726
1.0,28,0,2750.0,7,0,0,0,0.0,0.404319136,0.267539077
1.0,46,3,4000.0,3,2,0,2,0.0,1.054472764,0.17745563600000003
1.0,26,0,5510.0,9,0,0,0,1.0,0.573821582,0.141716567
1.0,47,1,9300.0,3,0,0,0,2.0,0.970890914,0.050854747
1.0,40,1,4333.0,3,1,1,1,1.0,1.123505976,0.72311952
1.0,43,1,10462.0,7,0,0,0,2.0,0.624978817,0.11583675800000001
1.0,39,0,6833.0,9,0,1,0,1.0,0.0,0.232806555
1.0,28,0,6300.0,0,1,0,0,0.0,0.9999998999999999,0.0
1.0,52,0,9000.0,14,0,2,0,3.0,0.117926415,0.248416843
1.0,53,5,2500.0,8,0,1,1,2.0,1.026564062,1.253898441
1.0,81,5,5975.0,7,0,1,1,0.0,0.727198531,0.273761714
1.0,54,0,8200.0,14,0,2,0,0.0,0.0,0.36044384799999996
1.0,59,1,4916.0,16,0,4,0,3.0,0.76139226,1.195444377
1.0,29,4,3500.0,11,2,1,0,1.0,1.051749485,0.91145387
1.0,56,0,8391.0,8,0,3,0,2.0,0.647445749,0.7890848429999999
1.0,43,0,5100.0,10,0,0,0,0.0,0.38202247200000006,0.029405999
1.0,42,3,1700.0,5,2,1,0,2.0,0.9999998999999999,0.710758377
1.0,60,0,12500.0,5,0,1,0,1.0,0.302587177,0.28309735199999997
1.0,50,0,2000.0,2,3,0,0,0.0,0.9999998999999999,0.31934033
1.0,56,0,6249.0,11,0,2,0,3.0,0.7442030629999999,0.68304
1.0,40,0,4000.0,19,0,2,0,3.0,0.36119071700000005,0.772556861
1.0,44,0,6600.0,5,1,0,1,1.0,0.550898204,0.075291622
1.0,63,1,2539.0,8,0,0,0,0.0,0.971751412,0.600393701
1.0,64,1,3333.0,3,1,1,0,0.0,0.102994012,0.23965207
1.0,43,0,2700.0,4,0,0,0,1.0,1.006662225,0.166234728
1.0,42,0,8916.0,5,1,2,0,1.0,0.04627330599999999,0.313894808
1.0,48,0,9500.0,9,0,2,0,2.0,0.810911211,0.804020629
1.0,42,2,7583.0,5,0,1,0,2.0,0.237359779,0.41086497899999996
1.0,35,1,6084.0,11,1,1,1,3.0,0.786220687,0.37436318799999996
1.0,40,2,5600.0,12,0,1,0,0.0,0.884452165,0.93304767
1.0,52,1,5750.0,18,0,0,0,0.0,0.078366845,0.06885759
1.0,41,2,12645.0,2,3,0,1,1.0,0.9999998999999999,0.078839159
1.0,70,2,3800.0,7,1,1,0,0.0,0.811349054,0.429097606
1.0,52,0,7166.0,14,0,1,0,0.0,0.83978373,0.37714524899999996
1.0,41,4,3500.0,6,0,0,2,3.0,0.9999998999999999,0.515566981
1.0,39,0,11320.0,14,0,5,0,5.0,0.061226905,0.43229396700000006
1.0,30,1,4400.0,3,1,0,0,1.0,0.9999998999999999,0.042263122
1.0,49,1,5133.0,11,1,0,0,2.0,0.415536529,0.21250486899999999
1.0,31,0,4500.0,13,0,1,0,2.0,0.87995233,1.009553433
1.0,30,0,2700.0,0,0,0,0,0.0,0.9999998999999999,0.0
1.0,59,2,28000.0,25,0,9,1,0.0,0.8833752020000001,0.98967894
1.0,29,0,2000.0,10,1,0,0,0.0,0.11491542800000001,0.19540229899999997
1.0,36,1,6800.0,10,1,0,3,3.0,0.834839454,0.212615792
1.0,49,0,4350.0,3,1,0,0,0.0,0.93344426,0.147322455
1.0,33,2,4420.0,6,6,0,3,0.0,0.439446367,0.142954083
1.0,37,2,5400.0,12,0,2,0,3.0,0.7174874990000001,0.7343084609999999
1.0,52,3,6933.0,12,0,0,0,2.0,0.941325084,0.344534179
1.0,43,1,14216.0,11,0,4,0,2.0,0.7966732470000001,0.642470282
1.0,39,0,5200.0,0,2,0,0,1.0,0.9999998999999999,0.0
1.0,39,3,3330.0,7,4,1,0,2.0,0.9999998999999999,0.9822876009999999
1.0,36,0,2537.0,9,2,0,0,1.0,0.101265823,0.227738377
1.0,51,0,2050.0,3,0,0,0,0.0,0.9999998999999999,0.306192101
1.0,32,0,2100.0,0,0,0,0,4.0,0.9999998999999999,0.0
1.0,49,1,2800.0,8,0,1,0,2.0,0.698784229,0.610853267
1.0,73,1,4374.0,9,2,2,0,0.0,0.8202574890000001,0.588342857
1.0,38,0,15800.0,18,0,3,0,1.0,0.611637937,0.739700019
1.0,58,3,10000.0,10,0,2,0,1.0,0.846418883,0.392260774
1.0,37,1,3076.0,4,1,0,0,0.0,0.8939005640000001,0.096197595
1.0,53,1,6200.0,9,2,1,0,1.0,0.684564572,0.284792775
1.0,51,3,4280.0,6,2,0,1,1.0,0.506264104,0.28334501300000003
1.0,41,0,7200.0,3,0,0,0,3.0,0.953261685,0.137064297
1.0,44,0,6250.0,10,0,1,0,3.0,0.055040682,0.34842425200000005
1.0,74,0,1500.0,0,3,0,0,0.0,0.9999998999999999,0.006662225
1.0,58,2,1200.0,7,3,0,0,0.0,0.0,1.501248959
1.0,64,2,3800.0,9,1,2,0,0.0,0.565316203,0.9536963959999999
1.0,39,1,3032.0,1,0,0,0,1.0,0.9999998999999999,0.132871744
1.0,39,0,3950.0,3,0,0,0,3.0,0.278944984,0.06631232599999999
1.0,41,0,6071.0,5,1,2,0,4.0,0.236338579,0.35704874799999997
1.0,52,5,6000.0,10,0,1,3,0.0,0.917880482,0.538576904
1.0,54,3,4760.0,4,1,1,1,2.0,0.9999998999999999,0.269481201
1.0,91,5,2394.0,5,1,0,3,0.0,0.7705472870000001,0.350313152
1.0,61,3,7400.0,14,1,3,1,0.0,0.736723641,0.722875287
1.0,47,1,7000.0,18,0,2,0,2.0,0.044358519000000006,0.242679617
1.0,78,2,2500.0,7,0,0,0,0.0,0.244785382,0.317473011
1.0,28,0,1920.0,1,1,0,0,2.0,0.9999998999999999,0.167621031
1.0,40,3,1600.0,6,1,1,2,1.0,0.983008496,1.069331668
1.0,61,2,4250.0,15,0,3,1,0.0,0.17688995600000001,1.220889203
1.0,39,1,4550.0,1,0,0,0,2.0,0.9999998999999999,0.034058449
1.0,39,4,9166.0,6,1,0,1,2.0,0.982514571,0.071997382
1.0,44,4,1458.0,16,0,1,0,0.0,1.011089051,1.259766964
1.0,27,0,7000.0,4,0,0,2,3.0,0.7419204840000001,0.070418512
1.0,36,0,7650.0,11,0,2,1,5.0,0.123717472,0.20833877899999997
1.0,40,2,39964.0,7,0,1,0,1.0,0.992006395,0.049568372
1.0,67,2,14583.0,15,0,2,0,1.0,0.860953777,0.435065826
1.0,48,4,7300.0,7,0,2,2,1.0,0.92704265,0.41282016200000005
1.0,51,1,4249.0,10,0,1,0,1.0,0.8820638820000001,0.49811764700000005
1.0,49,3,5220.0,10,2,1,0,3.0,0.639439567,0.919364106
1.0,70,0,1933.0,4,0,0,0,1.0,0.956886461,0.17993795199999998
1.0,52,0,6000.0,22,0,1,0,0.0,0.698265087,0.321279787
1.0,55,1,7968.0,21,0,1,2,0.0,1.055625509,0.46831472
1.0,30,3,3200.0,2,2,0,0,2.0,0.99036085,0.040612309
1.0,45,0,7600.0,13,0,1,0,2.0,0.419186106,0.587948954
1.0,35,2,5000.0,6,0,0,0,0.0,0.048878042000000003,0.09758048400000001
1.0,71,2,7000.0,22,0,1,0,1.0,0.9528189909999999,0.820882731
1.0,48,1,3486.0,10,0,1,1,2.0,0.904968271,0.497275595
1.0,41,1,6900.0,18,0,7,2,0.0,0.542314335,2.6393276340000003
1.0,24,0,1800.0,0,3,0,0,1.0,0.9999998999999999,0.068850639
1.0,55,0,12159.0,3,2,1,0,0.0,0.9999998999999999,0.351973684
1.0,45,4,6416.0,9,1,0,1,3.0,0.0,0.22861150100000002
1.0,61,0,9125.0,3,0,0,0,0.0,0.446267499,0.03583169
1.0,24,0,1790.0,3,0,0,0,0.0,0.521478521,0.008375209
1.0,52,0,4610.0,7,0,2,0,0.0,0.316001677,1.1476903059999999
1.0,73,0,2760.0,10,0,2,1,0.0,0.51590416,0.888808403
1.0,27,2,3640.0,9,0,0,0,0.0,0.142594054,0.365284263
1.0,58,2,7000.0,9,0,0,0,2.0,1.014780038,0.267247536
1.0,52,4,9000.0,10,0,0,1,2.0,0.741311926,0.216975892
1.0,45,0,4000.0,6,6,0,1,2.0,0.9999998999999999,0.357910522
1.0,74,3,2923.0,5,0,0,0,0.0,0.756157035,0.23290013699999998
1.0,64,5,7725.0,11,1,2,0,3.0,0.072212193,0.334455087
1.0,39,1,6916.0,20,1,2,1,1.0,1.192563569,0.943906318
1.0,63,1,11800.0,5,0,1,0,0.0,0.9443158770000001,0.258367935
1.0,46,0,4822.0,7,0,1,0,4.0,0.0,0.27783537199999997
1.0,72,2,4333.0,3,2,0,0,2.0,0.6067864270000001,0.22381172100000002
1.0,49,1,6300.0,11,0,1,0,4.0,0.35258342,0.275987938
1.0,51,0,9850.0,7,0,1,0,0.0,0.0,0.132575373
1.0,43,2,8050.0,13,0,6,0,4.0,0.434922911,1.2393491490000001
1.0,51,1,17000.0,3,1,0,0,6.0,0.9999998999999999,0.070289983
1.0,33,0,3500.0,5,1,0,1,0.0,0.774580602,0.225078549
1.0,42,1,32000.0,9,0,2,0,1.0,0.174757794,0.212087122
1.0,37,0,7650.0,11,0,2,0,2.0,0.910584194,0.408966148
1.0,27,0,1280.0,6,0,0,1,1.0,6.19e-06,0.47853239700000005
1.0,67,3,6501.0,10,0,2,0,0.0,0.231758938,0.24946170399999998
1.0,63,0,8000.0,18,0,2,0,0.0,0.019167476,0.290338708
1.0,61,4,1808.0,8,3,1,2,0.0,0.108095952,1.075732449
1.0,57,0,3501.0,0,1,0,0,0.0,0.9999998999999999,0.0
1.0,51,0,10000.0,26,0,3,0,3.0,0.019947813000000002,0.531446855
1.0,33,0,4800.0,5,0,1,0,1.0,0.023198102999999998,0.398042075
1.0,44,0,4000.0,10,2,1,0,0.0,0.996254682,0.36840789799999996
1.0,70,1,2979.0,6,0,0,0,0.0,0.020616011,0.129865772
1.0,42,0,6500.0,6,0,1,0,0.0,0.011478065,0.32794954600000004
1.0,45,4,6000.0,11,0,2,2,0.0,0.8374320479999999,0.823696051
1.0,26,1,2800.0,5,0,0,0,0.0,0.533716932,0.197786505
1.0,43,0,5081.0,7,0,2,1,0.0,0.135572885,0.339039748
1.0,63,0,6100.0,1,2,1,0,0.0,0.9999998999999999,0.294705786
1.0,46,4,4800.0,9,0,1,1,2.0,0.514925787,0.44699021
1.0,32,0,4300.0,13,0,0,0,0.0,0.913719216,0.375261567
1.0,32,1,2875.0,3,0,0,2,0.0,0.8236331570000001,0.06328233700000001
1.0,43,1,9383.0,7,0,0,0,0.0,1.041545707,0.11935208900000001
1.0,31,0,4200.0,5,0,0,0,0.0,0.9999998999999999,0.084741728
1.0,49,7,8783.0,17,1,2,1,1.0,0.5433311279999999,0.386156648
1.0,32,2,3740.0,6,2,1,1,2.0,0.914834066,0.414862336
1.0,66,1,3166.0,14,1,2,1,0.0,0.812318607,0.192453426
1.0,64,2,4833.0,23,0,2,0,0.0,0.7798921659999999,0.42097641700000005
1.0,53,1,7500.0,14,2,0,0,0.0,0.139256255,0.039461405
1.0,34,0,6369.0,7,2,0,2,2.0,0.966004533,0.165463108
1.0,52,4,3200.0,13,1,2,1,0.0,0.9692061590000001,1.821305842
1.0,25,0,2221.0,5,1,0,0,0.0,0.9273387829999999,0.20117011699999998
1.0,46,2,5200.0,9,2,2,0,0.0,0.777400128,0.40223034
1.0,39,0,2308.0,15,0,1,0,1.0,0.514353049,0.984408835
1.0,68,0,2770.0,10,0,1,0,0.0,0.5020958329999999,0.387224829
1.0,65,0,5295.0,6,3,1,1,0.0,0.272942745,0.712990937
1.0,31,2,2600.0,3,3,0,0,0.0,0.0,0.331795463
1.0,48,0,6250.0,5,0,1,1,0.0,0.99191193,0.599584067
1.0,36,0,1500.0,8,0,1,0,1.0,0.0,0.620919387
1.0,38,0,2000.0,5,0,0,0,0.0,1.002997003,0.807596202
1.0,30,4,5758.0,8,2,2,0,0.0,1.1149680640000001,0.320020837
1.0,54,1,2600.0,6,1,1,0,0.0,0.9999998999999999,0.317185698
1.0,27,1,2047.0,4,0,0,0,1.0,0.811382426,0.33349609399999997
1.0,66,0,5666.0,14,0,3,0,0.0,0.83770214,0.935768484
1.0,51,0,4000.0,2,2,0,0,1.0,0.9999998999999999,0.192451887
1.0,28,2,4000.0,14,0,2,0,0.0,0.336897337,0.545613597
1.0,33,0,5000.0,7,2,1,0,0.0,1.061938062,0.7672465509999999
1.0,63,1,7378.0,6,0,1,0,0.0,0.759312034,0.244748611
1.0,59,2,3000.0,3,1,1,1,0.0,0.982252218,0.67844052
1.0,53,0,9800.0,13,1,3,0,0.0,0.748427843,0.561371289
1.0,62,3,3380.0,12,1,0,0,1.0,0.064546488,0.014492753999999998
1.0,49,1,7416.0,18,0,3,1,0.0,0.069174204,0.521504651
1.0,42,1,6833.0,13,0,1,0,2.0,0.591321334,0.389230319
1.0,42,3,2585.0,9,3,1,0,0.0,1.584009994,0.299690642
1.0,70,1,1600.0,5,1,0,0,0.0,0.10463629099999999,0.026858214
1.0,36,0,10600.0,22,0,2,0,1.0,0.101045781,0.47863409100000004
1.0,49,0,3300.0,2,0,0,1,3.0,0.950166113,0.098757952
1.0,90,2,7000.0,11,0,0,1,0.0,0.079293081,0.027710327000000003
1.0,42,2,5333.0,6,0,2,0,0.0,0.828421293,0.428946382
1.0,59,1,3000.0,5,0,0,0,0.0,1.030138552,0.205264912
1.0,36,6,4000.0,3,1,2,1,1.0,0.9999998999999999,0.8007998000000001
1.0,72,0,4760.0,8,0,1,0,0.0,0.640925112,0.6876706570000001
1.0,65,5,17050.0,17,1,2,1,1.0,0.944276737,0.436572635
1.0,35,0,2650.0,5,0,1,0,0.0,0.9999998999999999,0.40135797799999995
1.0,44,0,2600.0,2,0,0,0,3.0,0.9999998999999999,0.019223376
1.0,65,1,11056.0,8,0,2,0,3.0,0.6621388429999999,0.24183775
1.0,53,7,3430.0,13,3,1,4,0.0,0.888211179,0.478577674
1.0,53,4,234600.0,17,1,6,1,0.0,0.0,0.050532605999999994
1.0,59,2,4079.0,6,1,0,0,0.0,0.10728096300000001,0.006617647
1.0,42,0,10300.0,23,0,4,0,4.0,0.748748416,0.566644015
1.0,36,0,4510.0,15,0,1,0,0.0,0.23097748399999998,0.606960763
1.0,40,0,6400.0,1,1,0,0,3.0,0.9999998999999999,0.004218090999999999
1.0,87,0,3651.0,6,0,0,0,0.0,0.015720839,0.002464403
1.0,23,0,3745.0,7,0,0,1,0.0,1.001998002,0.134276562
1.0,40,1,12977.0,5,0,1,0,0.0,0.740518962,0.153105255
1.0,58,0,7416.0,3,0,1,0,0.0,0.070083712,0.203856006
1.0,47,0,10700.0,11,0,3,0,0.0,0.345515504,0.601345669
1.0,41,1,8000.0,4,1,2,1,1.0,0.0,0.526684164
1.0,33,2,9500.0,5,1,1,0,1.0,0.295633818,0.266919272
1.0,51,0,2784.0,8,0,0,0,3.0,0.647167057,0.50448833
1.0,59,0,7900.0,4,0,0,0,1.0,0.484653819,0.106695355
1.0,39,0,8048.0,21,0,2,0,2.0,0.365023081,0.727171077
1.0,59,0,20900.0,10,0,3,0,2.0,0.013060343,0.582555859
1.0,33,0,3197.0,7,0,0,0,0.0,0.12222149800000001,0.242651657
1.0,45,1,2700.0,3,4,0,1,2.0,1.610556348,0.207700852
1.0,35,0,7631.0,10,0,1,0,1.0,0.7834713329999999,0.25379979
1.0,51,0,10605.0,17,0,2,0,1.0,0.937872733,0.634169338
1.0,63,0,11250.0,9,0,2,0,1.0,0.031676398,0.5540840810000001
1.0,57,2,10200.0,10,0,1,0,1.0,0.5578480720000001,0.314969121
1.0,53,1,1600.0,2,4,0,0,0.0,0.9999998999999999,0.21299188
1.0,44,0,5000.0,1,0,0,1,0.0,0.9999998999999999,0.077184563
1.0,47,1,6000.0,3,2,1,0,2.0,0.638994092,0.3946009
1.0,44,0,12000.0,7,1,2,1,3.0,0.14813105699999998,0.293308891
1.0,78,0,4000.0,16,1,0,0,0.0,0.031585449,0.013746563
1.0,56,0,4440.0,2,1,0,1,2.0,0.601914012,0.05291601
1.0,76,1,12010.0,12,0,2,0,0.0,0.398446385,0.141287153
1.0,60,0,4234.0,18,0,0,0,0.0,0.313589624,0.22526564300000002
1.0,51,3,4741.0,6,1,1,1,0.0,0.72927242,0.235343737
1.0,44,1,2000.0,11,0,1,0,3.0,0.97029703,0.55922039
1.0,50,0,15000.0,11,0,2,1,2.0,1.052731576,0.431104593
1.0,63,2,3557.0,10,0,2,0,0.0,0.9999998999999999,0.600337268
1.0,53,6,12800.0,4,1,0,1,0.0,2.020881671,0.110772596
1.0,52,0,20000.0,11,0,2,0,3.0,0.415843069,0.313234338
1.0,36,2,1350.0,9,0,0,0,1.0,0.817204301,0.27683197600000004
1.0,48,4,8600.0,21,0,2,1,3.0,0.549525197,0.744913382
1.0,40,1,2400.0,8,1,1,4,2.0,1.072618254,0.259891712
1.0,27,1,4500.0,6,0,0,0,0.0,0.448651924,0.075538769
1.0,56,0,5147.0,2,1,0,1,0.0,0.9999998999999999,0.08003108
1.0,36,0,5833.0,8,0,1,0,0.0,0.595090332,0.27545423399999996
1.0,43,1,2640.0,8,1,0,0,0.0,0.092877968,0.244604317
1.0,38,1,2500.0,10,0,0,1,0.0,0.35025188399999996,0.830067973
1.0,38,1,3433.0,5,0,1,1,2.0,0.20685287600000002,0.417880023
1.0,28,2,2903.0,5,0,0,0,1.0,1.062839189,0.424242424
1.0,42,3,6300.0,18,0,0,0,3.0,0.496942483,0.21234724600000002
1.0,30,0,4000.0,10,0,1,0,0.0,0.33872759799999996,0.498375406
1.0,41,0,4250.0,16,0,3,0,3.0,0.006825281999999999,0.145989179
1.0,28,1,2100.0,3,0,0,0,0.0,0.25188563399999997,0.284626368
1.0,54,4,3558.0,3,1,1,2,2.0,0.9999998999999999,0.411070525
1.0,42,0,3000.0,6,0,0,0,0.0,0.078434773,0.250249917
1.0,28,1,2800.0,12,0,0,0,2.0,0.413305474,0.11924312699999999
1.0,57,0,5000.0,6,0,0,0,0.0,0.9990009990000001,0.120375925
1.0,40,1,5960.0,9,0,2,0,3.0,0.127916552,0.398087569
1.0,36,98,3275.0,0,98,0,98,2.0,0.9999998999999999,0.007936508
1.0,39,1,2500.0,7,0,1,0,0.0,0.518839713,0.661335466
1.0,44,0,15000.0,6,0,1,0,2.0,0.523555641,0.23758416100000002
1.0,29,0,3861.0,4,0,2,0,1.0,0.9999998999999999,0.516571724
1.0,59,3,11166.0,7,5,1,2,0.0,0.91160442,0.775678338
1.0,50,2,3200.0,6,2,0,2,3.0,0.99240076,0.424242424
1.0,41,0,7900.0,17,0,1,0,3.0,0.697762332,0.527148462
1.0,48,0,4500.0,9,2,0,0,1.0,0.9937423479999999,0.43812486100000003
1.0,56,3,4658.0,16,0,3,0,0.0,0.05957738,0.667954497
1.0,43,1,4350.0,1,0,0,0,2.0,1.857819905,0.017697081
1.0,62,0,4664.0,12,0,2,0,0.0,0.548682969,0.574062165
1.0,54,1,5000.0,10,0,1,0,0.0,0.636307407,0.515296941
1.0,63,6,9466.0,14,0,0,1,0.0,0.255755131,0.103200592
1.0,55,3,7500.0,10,1,0,0,0.0,0.979085268,0.36381815799999995
1.0,51,1,2630.0,14,0,0,0,0.0,0.26127292,0.242493349
1.0,32,0,1800.0,4,1,0,2,2.0,1.034353529,0.43420322
1.0,32,1,1211.0,3,0,0,0,1.0,0.9999998999999999,0.372937294
1.0,43,0,5300.0,5,3,0,2,1.0,0.774788624,0.18751179
1.0,43,1,8098.0,6,0,0,1,0.0,0.016814976000000002,0.029509816
1.0,37,0,6666.0,9,0,2,0,3.0,0.21301007,0.741112944
1.0,43,0,14000.0,10,0,2,0,3.0,0.32733668,0.521534176
1.0,30,0,2000.0,6,0,0,0,0.0,1.228506141,0.31884058
1.0,58,0,3800.0,4,0,2,0,3.0,0.9999998999999999,0.527492765
1.0,41,1,8567.0,2,1,0,1,3.0,0.9999998999999999,0.055322129000000005
1.0,59,1,4000.0,9,0,0,0,3.0,0.118334533,0.2011997
1.0,42,0,4962.0,3,0,1,0,0.0,0.0,0.261736853
1.0,36,1,4800.0,5,2,1,0,3.0,0.9999998999999999,0.299729223
1.0,53,0,3333.0,14,0,2,0,2.0,0.28915456,0.149190162
1.0,25,1,2334.0,0,0,0,0,0.0,0.9999998999999999,0.065524625
1.0,33,0,7084.0,12,0,2,0,0.0,0.683047168,0.530698659
1.0,43,2,7120.0,0,3,0,0,2.0,0.9999998999999999,0.058418761
1.0,47,0,10000.0,10,0,2,1,1.0,0.63545461,0.455454455
1.0,46,4,5600.0,5,0,0,1,6.0,0.9999998999999999,0.362792359
1.0,31,0,2357.0,3,0,0,0,2.0,0.534109817,0.022900762999999998
1.0,49,0,8083.0,12,0,2,0,1.0,0.9614568809999999,0.653884216
1.0,56,2,8897.0,7,0,1,0,0.0,0.417311018,0.154978647
1.0,56,0,3833.0,2,7,0,1,0.0,0.9999998999999999,0.42149191399999997
1.0,56,1,4166.0,19,0,2,1,2.0,0.070384351,0.879529638
1.0,33,3,2000.0,10,0,0,1,0.0,0.035458478,0.296351824
1.0,39,6,6524.0,14,1,2,0,2.0,1.005228758,0.241072797
1.0,72,2,4666.0,11,0,3,0,0.0,0.290054112,0.74351832
1.0,43,1,3200.0,6,2,0,1,1.0,0.9999998999999999,0.28022493
1.0,22,0,1600.0,1,0,0,0,0.0,0.9999998999999999,0.234853217
1.0,33,1,3280.0,2,1,0,0,0.0,0.9999998999999999,0.13197196
1.0,49,1,2025.0,1,1,0,0,1.0,1.5298804780000002,0.005429418
1.0,49,3,5900.0,3,7,1,1,2.0,0.9999998999999999,0.256566684
1.0,54,2,5163.0,6,1,0,0,1.0,0.9999998999999999,0.558675445
1.0,34,0,3500.0,4,1,1,0,2.0,1.007801073,0.525849757
1.0,62,0,1162.0,8,0,3,0,0.0,0.035860591000000004,2.2914875319999997
1.0,33,2,2400.0,13,0,0,0,0.0,0.883288255,0.510620575
1.0,26,1,3500.0,4,0,0,0,0.0,0.245433942,0.171950871
1.0,49,2,12350.0,6,0,2,0,0.0,0.9062415559999999,0.154886244
1.0,32,0,7500.0,3,1,0,0,0.0,0.9999998999999999,0.026263165
1.0,38,3,12500.0,5,0,1,0,3.0,1.008832843,0.31669466399999996
1.0,33,0,3600.0,6,0,2,1,0.0,0.017988008,0.5331852260000001
1.0,29,0,2000.0,15,0,0,0,1.0,0.688084748,0.7441279359999999
1.0,40,0,7833.0,9,0,2,0,2.0,0.300300967,0.529486852
1.0,35,0,5000.0,8,0,0,1,2.0,0.613650413,0.25934813
1.0,43,0,3000.0,7,1,1,4,2.0,1.071798668,0.67410863
1.0,52,0,2000.0,9,0,2,1,0.0,0.903946248,1.7061469269999998
1.0,32,0,7000.0,7,0,2,0,0.0,0.03685028,0.506070561
1.0,37,2,8573.0,12,0,2,0,0.0,0.748652685,0.625495685
1.0,41,1,5700.0,5,4,0,0,3.0,0.928407159,0.190317488
1.0,56,1,4333.0,9,0,1,0,1.0,0.043173460999999996,0.155514536
1.0,62,0,1425.0,8,1,1,0,1.0,0.9999998999999999,0.8737727909999999
1.0,55,3,3250.0,6,0,0,2,1.0,0.339294728,0.042756075
1.0,42,1,4000.0,8,2,1,4,0.0,2.297612046,0.806048488
1.0,43,3,3330.0,13,0,1,0,0.0,0.904925085,0.677574302
1.0,40,2,1499.0,2,1,0,0,1.0,0.9999998999999999,0.434666667
1.0,50,0,9881.0,12,0,1,0,1.0,0.383482329,0.525298523
1.0,52,0,7000.0,18,0,4,0,1.0,0.8602419840000001,0.113398086
1.0,44,2,3550.0,7,0,1,1,2.0,0.991440799,0.482680935
1.0,63,0,2833.0,1,1,0,0,0.0,0.9999998999999999,0.160550459
1.0,45,5,7100.0,7,0,1,0,1.0,0.7292725609999999,0.376989156
1.0,38,1,4400.0,5,0,0,0,0.0,0.17382617399999997,0.090888434
1.0,36,2,5000.0,10,0,1,1,2.0,0.042164324,0.394921016
1.0,45,2,9120.0,13,0,6,0,2.0,0.7661266090000001,0.8029821290000001
1.0,50,5,16078.0,15,3,0,0,2.0,0.92371926,0.16810746899999998
1.0,36,1,3466.0,1,0,0,0,0.0,0.9999998999999999,0.0614364
1.0,50,1,8716.0,14,0,1,0,0.0,0.480211382,0.406906046
1.0,35,4,3020.0,8,2,0,0,0.0,0.842674533,0.446209864
1.0,57,3,27000.0,15,0,0,0,0.0,0.039865824,0.070738121
1.0,47,2,8333.0,9,0,0,0,1.0,0.771467572,0.268178546
1.0,34,0,4536.0,6,0,0,0,1.0,0.189351331,0.27308794399999997
1.0,34,2,2000.0,3,1,0,0,0.0,0.011745503000000001,0.190904548
1.0,49,0,2800.0,5,0,2,0,0.0,0.9999998999999999,0.7193859340000001
1.0,35,0,9750.0,16,0,2,0,2.0,0.17153606899999999,0.8245308170000001
1.0,43,0,3558.0,5,0,0,0,2.0,0.011638963,0.053385783
1.0,51,6,9600.0,12,0,1,0,2.0,1.007872061,0.338923029
1.0,61,0,4500.0,12,0,2,0,0.0,0.562347588,0.51210842
1.0,76,0,6340.0,14,0,6,0,0.0,0.228858908,0.509541082
1.0,32,0,2900.0,4,0,0,0,3.0,0.71058788,0.233023095
1.0,36,0,5000.0,9,0,4,0,1.0,0.0,0.680863827
1.0,31,0,4000.0,1,0,0,0,0.0,0.9701492540000001,0.001249688
1.0,40,0,12000.0,19,2,3,11,0.0,0.878881177,0.605616199
1.0,46,1,3300.0,8,0,1,0,2.0,0.713950057,0.7437140259999999
1.0,49,2,13000.0,10,0,1,0,1.0,0.537157027,0.520729175
1.0,57,0,9560.0,19,0,6,0,0.0,0.029308142000000002,0.6447024370000001
1.0,51,0,3528.0,3,3,0,0,0.0,0.8770764120000001,0.081326155
1.0,41,4,3000.0,9,0,0,1,1.0,0.991637124,0.35054981700000004
1.0,44,1,2800.0,15,1,2,0,1.0,0.199426883,0.681542306
1.0,52,0,3045.0,6,0,0,0,0.0,0.013347263,0.005909389
1.0,34,0,11750.0,11,0,2,0,2.0,0.624961542,0.28320994
1.0,57,1,2000.0,4,2,1,2,2.0,1.056478405,0.40129935
1.0,65,3,7000.0,14,0,5,0,0.0,0.055394692999999995,0.87958863
1.0,26,0,2000.0,11,0,0,0,0.0,1.039946738,0.7841079459999999
1.0,39,1,4076.0,5,1,0,0,2.0,1.401197605,0.103507481
1.0,49,0,7000.0,8,0,2,0,3.0,0.841061684,0.562919583
1.0,61,0,11399.0,17,0,1,0,0.0,0.36027197899999996,0.277280702
1.0,57,1,9190.0,8,0,1,0,2.0,1.029725869,1.022630835
1.0,40,0,7700.0,10,0,1,0,2.0,0.474305505,0.320607713
1.0,50,0,2500.0,7,0,0,0,3.0,1.005293835,0.22510995600000003
1.0,38,0,1600.0,6,0,2,0,0.0,0.520593606,1.808869457
1.0,33,1,3083.0,4,0,0,0,4.0,1.205980066,0.211738003
1.0,47,5,5000.0,5,0,0,1,2.0,0.9970626840000001,0.227954409
1.0,29,1,2200.0,5,2,0,0,0.0,1.441860465,0.174920491
1.0,66,6,3916.0,15,0,0,1,0.0,0.10310932800000001,0.180750574
1.0,86,1,5000.0,12,1,0,0,0.0,0.0,0.082983403
1.0,71,2,5514.0,14,1,1,1,0.0,0.7918858390000001,0.69356301
1.0,36,1,3993.0,10,0,0,0,1.0,0.7145356829999999,0.17175763600000002
1.0,47,1,8000.0,3,0,1,0,2.0,0.219554611,0.18560179999999998
1.0,52,1,8900.0,15,0,3,0,2.0,0.644737806,0.7928322659999999
1.0,49,0,7122.0,7,0,0,0,0.0,0.876364287,0.42959427200000005
1.0,30,0,5200.0,8,0,0,2,5.0,0.5401505,0.143818496
1.0,45,3,2305.0,10,0,0,0,2.0,1.063782107,0.257588899
1.0,24,0,1700.0,0,0,0,0,0.0,0.9999998999999999,0.0
1.0,38,1,3076.0,1,0,0,1,0.0,0.9999998999999999,0.005524861999999999
1.0,28,0,2400.0,6,0,0,0,0.0,0.9999998999999999,0.254477301
1.0,48,0,3000.0,13,0,2,0,0.0,0.720252769,1.3095634790000001
1.0,51,0,3644.0,1,0,0,0,0.0,1.086378738,0.032098765
1.0,29,1,9166.0,5,1,0,0,1.0,0.8041010000000001,0.127740809
1.0,67,1,2917.0,0,0,0,0,0.0,0.9999998999999999,0.131939685
1.0,39,1,3532.0,3,3,1,0,0.0,0.9999998999999999,0.440984999
1.0,44,1,6500.0,16,0,1,0,3.0,0.9428679529999999,0.45962159700000005
1.0,35,0,3200.0,1,1,0,0,1.0,0.9999998999999999,0.09434551699999999
1.0,63,0,2917.0,9,0,0,0,0.0,0.626161305,0.529814942
1.0,40,0,6000.0,8,0,2,0,0.0,0.467536126,0.38876853899999997
1.0,62,0,5700.0,14,1,3,0,0.0,0.39214220299999997,0.7402210140000001
1.0,50,2,5256.0,1,0,0,1,0.0,0.9999998999999999,0.128019783
1.0,33,1,3500.0,5,0,0,0,4.0,0.0,0.20822622100000002
1.0,37,5,3708.0,17,0,5,0,0.0,1.003444362,2.1739013209999998
1.0,50,1,16500.0,10,0,1,0,0.0,0.299128625,0.376583237
1.0,46,1,4431.0,3,1,1,1,2.0,0.9999998999999999,0.350857401
1.0,57,0,5935.0,15,0,2,0,0.0,0.43944092700000004,0.797506739
1.0,51,1,1400.0,16,0,3,0,1.0,0.061872817999999996,0.022041399
1.0,49,0,1600.0,15,0,0,0,0.0,0.011568401,0.572767021
1.0,35,1,2105.0,11,0,1,0,2.0,0.312162899,0.015337132
1.0,42,0,3710.0,4,2,1,3,2.0,1.053263043,0.44273780700000004
1.0,48,2,2800.0,5,3,1,1,2.0,0.916900968,0.524455552
1.0,23,0,1500.0,2,0,0,0,0.0,0.9910029990000001,0.20453031300000002
1.0,37,0,6000.0,16,0,2,0,1.0,0.916297975,0.6013997670000001
1.0,40,2,22941.0,11,0,2,0,4.0,0.9572896540000001,0.21881265800000002
1.0,69,0,3300.0,9,1,3,0,0.0,0.025766242999999998,1.029385035
1.0,54,0,10416.0,11,0,2,0,2.0,0.0,0.378419891
1.0,79,0,2268.0,3,0,0,0,0.0,0.9999998999999999,0.33230498
1.0,36,0,3600.0,5,0,2,0,0.0,0.906145847,0.49319633399999996
1.0,41,3,5500.0,10,2,2,2,2.0,0.001113592,0.699327395
1.0,35,0,12000.0,9,0,1,0,0.0,0.088828398,0.335305391
1.0,40,0,3200.0,10,0,0,0,2.0,0.069723888,0.037488285
1.0,33,1,9449.0,13,0,0,0,0.0,0.957921507,0.20835978800000002
1.0,53,0,6000.0,8,1,1,0,0.0,0.18840700800000001,0.160139977
1.0,29,3,8000.0,7,0,1,1,0.0,1.0099966679999999,0.9170103740000001
1.0,30,3,6500.0,13,0,2,1,1.0,0.7294077309999999,0.960929088
1.0,69,0,3500.0,19,2,2,0,0.0,0.291048264,0.114624393
1.0,36,0,4791.0,0,0,0,1,0.0,0.9999998999999999,0.002504174
1.0,50,5,8000.0,12,0,0,0,0.0,0.9902302590000001,0.265716785
1.0,33,1,4500.0,8,0,2,6,4.0,0.9342083259999999,0.613197067
1.0,62,0,3017.0,2,1,0,0,1.0,0.9999998999999999,0.100066269
1.0,45,0,9400.0,19,0,2,0,3.0,0.760447825,0.396766301
1.0,30,1,3600.0,4,0,0,0,0.0,1.0191626740000002,0.336850875
1.0,23,0,1450.0,2,0,0,0,0.0,0.10099900099999999,0.020675396000000002
